Home location,Workplace location,Value
Strath Taieri,Strath Taieri,270
Bucklands Crossing,Bucklands Crossing,174
Waikouaiti,Waikouaiti,138
Momona,Momona,462
Taieri,Taieri,219
Mount Cargill,Mount Cargill,258
Bush Road,Bush Road,99
Mosgiel East,Mosgiel East,165
Mosgiel Central,Mosgiel Central,252
Seddon Park,Seddon Park,162
Wingatui,Wingatui,93
Saddle Hill-Chain Hills,Saddle Hill-Chain Hills,135
East Taieri,East Taieri,207
Halfway Bush,Halfway Bush,81
Helensburgh,Helensburgh,66
Glenleith,Glenleith,66
Fairfield (Dunedin City),Fairfield (Dunedin City),225
Brockville,Brockville,117
Wakari,Wakari,243
Abbotsford,Abbotsford,150
Brighton,Brighton,111
Pine Hill-Dalmore,Pine Hill-Dalmore,99
Kaikorai-Bradford,Kaikorai-Bradford,105
Maori Hill,Maori Hill,216
Roslyn (Dunedin City),Roslyn (Dunedin City),225
North East Valley Chingford,North East Valley Chingford,84
Roseneath-Sawyers Bay,Roseneath-Sawyers Bay,102
Normanby ,Normanby ,72
North East Valley Knox,North East Valley Knox,141
Belleknowes,Belleknowes,138
Gardens (Dunedin City),Gardens (Dunedin City),129
Kenmure,Kenmure,123
Campus West,Campus West,72
Waldronville,Waldronville,114
Green Island,Green Island,144
Port Chalmers,Port Chalmers,168
Royal Terrace,Royal Terrace,63
Arthur Street,Arthur Street,78
Opoho,Opoho,87
Campus North,Campus North,156
Campus South,Campus South,159
Mornington,Mornington,144
Dunedin Central,Dunedin Central,453
Maryhill,Maryhill,117
Ravensbourne-St Leonards,Ravensbourne-St Leonards,132
Harbourside,Harbourside,6
Fernhill,Fernhill,84
Otago Peninsula,Otago Peninsula,114
Concord,Concord,54
Calton Hill,Calton Hill,57
Caversham,Caversham,117
Hillside-Portsmouth Drive,Hillside-Portsmouth Drive,12
Kew (Dunedin City),Kew (Dunedin City),99
Corstorphine,Corstorphine,66
Forbury,Forbury,66
Bathgate Park,Bathgate Park,78
St Clair,St Clair,177
Waverley ,Waverley ,201
Macandrew Bay-Company Bay,Macandrew Bay-Company Bay,135
Broad Bay-Portobello,Broad Bay-Portobello,126
St Kilda South,St Kilda South,138
Musselburgh,Musselburgh,75
Shiel Hill,Shiel Hill,129
St Kilda North,St Kilda North,117
Andersons Bay,Andersons Bay,159
Tainui,Tainui,111
Campus West,Roslyn (Dunedin City),15
North East Valley Knox,Harbourside,57
St Clair,Port Chalmers,6
Seddon Park,Hillside-Portsmouth Drive,63
Kaikorai-Bradford,Campus North,21
Kew (Dunedin City),Bathgate Park,6
Forbury,St Clair,12
Arthur Street,Hillside-Portsmouth Drive,33
Maryhill,Campus North,33
Bush Road,Harbourside,48
Mosgiel East,Halfway Bush,9
Macandrew Bay-Company Bay,Campus North,33
Shiel Hill,North East Valley Knox,6
Musselburgh,Kaikorai-Bradford,18
Fairfield (Dunedin City),Dunedin Central,288
East Taieri,Roslyn (Dunedin City),12
Mount Cargill,Dunedin Central,174
Caversham,Harbourside,60
Taieri,Gardens (Dunedin City),9
Corstorphine,Bathgate Park,6
Mosgiel Central,Bush Road,12
Corstorphine,Wakari,6
Bathgate Park,Mosgiel Central,12
North East Valley Chingford,Port Chalmers,6
Brockville,Wakari,15
Corstorphine,Harbourside,48
Maori Hill,Campus North,66
Green Island,Dunedin Central,204
Normanby ,North East Valley Knox,30
Andersons Bay,Green Island,6
Helensburgh,Mornington,9
Andersons Bay,Campus West,12
Mornington,Fairfield (Dunedin City),6
Roslyn (Dunedin City),Dunedin Central,372
Green Island,Roslyn (Dunedin City),9
Seddon Park,Wingatui,18
Pine Hill-Dalmore,Caversham,9
Bucklands Crossing,Dunedin Central,108
Tainui,Dunedin Central,258
Otago Peninsula,Green Island,6
Green Island,Clutha District,6
Brighton,Campus South,42
Andersons Bay,Harbourside,66
Mosgiel Central,Kenmure,6
Mount Cargill,Campus South,93
Maori Hill,Wakari,9
Pine Hill-Dalmore,Arthur Street,6
St Kilda North,Roslyn (Dunedin City),9
Tainui,Mornington,6
Waverley ,Royal Terrace,9
Brighton,Halfway Bush,6
Kenmure,Campus South,87
Royal Terrace,Roslyn (Dunedin City),15
Abbotsford,St Clair,6
Mosgiel Central,Seddon Park,30
Broad Bay-Portobello,Hillside-Portsmouth Drive,30
Fairfield (Dunedin City),Hillside-Portsmouth Drive,144
Wakari,Harbourside,111
Brighton,Green Island,24
Caversham,Bathgate Park,15
Glenleith,Gardens (Dunedin City),18
Kenmure,Arthur Street,9
Otago Peninsula,Hillside-Portsmouth Drive,30
Brighton,Harbourside,36
Fernhill,Campus South,72
Fernhill,Roslyn (Dunedin City),6
Musselburgh,Forbury,6
Helensburgh,Kaikorai-Bradford,27
Kenmure,Caversham,9
Seddon Park,Kaikorai-Bradford,30
North East Valley Chingford,Maori Hill,9
North East Valley Chingford,Dunedin Central,180
Gardens (Dunedin City),Campus West,15
Shiel Hill,Waverley ,6
Saddle Hill-Chain Hills,Halfway Bush,6
Maryhill,Gardens (Dunedin City),18
Brighton,Momona,9
Mosgiel East,Dunedin Central,201
Seddon Park,Green Island,12
Abbotsford,Green Island,60
Macandrew Bay-Company Bay,Otago Peninsula,12
Waikouaiti,Campus South,18
Calton Hill,Harbourside,45
Belleknowes,Royal Terrace,9
St Clair,Roslyn (Dunedin City),15
Saddle Hill-Chain Hills,Roslyn (Dunedin City),6
Gardens (Dunedin City),North East Valley Knox,27
Broad Bay-Portobello,Campus South,45
Bush Road,Momona,18
Mosgiel East,Harbourside,60
East Taieri,Hillside-Portsmouth Drive,99
Tainui,St Kilda North,12
Arthur Street,Roslyn (Dunedin City),18
Belleknowes,Harbourside,54
Roseneath-Sawyers Bay,North East Valley Knox,6
Abbotsford,Kaikorai-Bradford,84
Brockville,Campus North,24
Mornington,Kaikorai-Bradford,51
Abbotsford,Roslyn (Dunedin City),15
Halfway Bush,Maori Hill,15
Brighton,Caversham,15
St Kilda North,Bathgate Park,15
Bucklands Crossing,St Clair,6
Andersons Bay,North East Valley Knox,9
Port Chalmers,Gardens (Dunedin City),6
St Kilda South,St Kilda North,24
Calton Hill,Campus North,18
Saddle Hill-Chain Hills,Caversham,6
Tainui,Kaikorai-Bradford,21
Kew (Dunedin City),Caversham,9
Mornington,Caversham,21
Mornington,North East Valley Knox,12
Kaikorai-Bradford,East Taieri,6
Belleknowes,Halfway Bush,9
Tainui,Forbury,12
Brockville,Caversham,9
Andersons Bay,Caversham,12
Momona,Taieri,36
East Taieri,Mosgiel East,18
Kenmure,Wakari,12
Seddon Park,Taieri,18
Kaikorai-Bradford,Arthur Street,6
Tainui,Campus South,72
Kaikorai-Bradford,Campus South,45
Campus North,Gardens (Dunedin City),15
Seddon Park,Arthur Street,6
Fairfield (Dunedin City),Wakari,9
Maryhill,Forbury,9
Saddle Hill-Chain Hills,Gardens (Dunedin City),6
Musselburgh,Roslyn (Dunedin City),6
Momona,East Taieri,36
Kew (Dunedin City),Mosgiel Central,6
Belleknowes,Campus South,108
Brockville,Port Chalmers,9
Taieri,Momona,18
Saddle Hill-Chain Hills,Mosgiel Central,12
Helensburgh,Campus South,45
North East Valley Chingford,Harbourside,45
St Kilda South,North East Valley Knox,9
Mount Cargill,Port Chalmers,39
Wingatui,Seddon Park,15
East Taieri,Seddon Park,21
Fernhill,Mosgiel Central,6
Mornington,Gardens (Dunedin City),21
Port Chalmers,Campus North,21
Musselburgh,St Kilda North,12
Pine Hill-Dalmore,Campus North,57
Concord,Mosgiel Central,12
Halfway Bush,Campus North,21
Kenmure,Hillside-Portsmouth Drive,66
Maori Hill,St Clair,6
Momona,Wingatui,9
Maryhill,Campus South,93
Taieri,Dunedin Central,105
Roseneath-Sawyers Bay,Roslyn (Dunedin City),9
Tainui,Harbourside,69
Campus West,Dunedin Central,114
East Taieri,Maori Hill,9
St Kilda South,Forbury,15
Saddle Hill-Chain Hills,Momona,9
Dunedin Central,Campus West,12
Fernhill,Hillside-Portsmouth Drive,60
Normanby ,St Kilda North,6
Broad Bay-Portobello,Kaikorai-Bradford,6
Port Chalmers,Campus South,51
Ravensbourne-St Leonards,Campus North,54
Mornington,Royal Terrace,9
Gardens (Dunedin City),Harbourside,51
Maori Hill,Arthur Street,27
Andersons Bay,St Kilda North,9
North East Valley Chingford,Caversham,6
Calton Hill,Port Chalmers,9
Fairfield (Dunedin City),Harbourside,66
Caversham,Hillside-Portsmouth Drive,108
Waldronville,Dunedin Central,114
Abbotsford,Fairfield (Dunedin City),30
Seddon Park,Campus North,15
Wakari,Fairfield (Dunedin City),12
Fernhill,Campus West,6
Fairfield (Dunedin City),Green Island,27
St Clair,Seddon Park,9
St Clair,Dunedin Central,279
East Taieri,Port Chalmers,9
Tainui,St Clair,15
St Kilda North,Harbourside,60
St Clair,Mosgiel Central,9
Pine Hill-Dalmore,Gardens (Dunedin City),18
Fairfield (Dunedin City),St Kilda South,9
Royal Terrace,Harbourside,27
Forbury,St Kilda South,9
St Kilda North,Andersons Bay,9
Fernhill,St Kilda South,6
Waverley ,Mosgiel Central,12
Normanby ,Harbourside,57
Maori Hill,Dunedin Central,273
North East Valley Knox,Campus West,9
East Taieri,North East Valley Knox,6
Seddon Park,Saddle Hill-Chain Hills,6
Taieri,Mornington,6
Arthur Street,Campus West,6
Halfway Bush,East Taieri,9
Taieri,Strath Taieri,9
Macandrew Bay-Company Bay,Campus South,72
Mosgiel Central,Clutha District,9
Roslyn (Dunedin City),Harbourside,45
Roslyn (Dunedin City),Caversham,6
Taieri,Campus South,36
Broad Bay-Portobello,Maori Hill,6
Kenmure,Campus West,6
Musselburgh,Hillside-Portsmouth Drive,81
Mosgiel Central,Maori Hill,6
Mosgiel Central,Wingatui,6
Roslyn (Dunedin City),Arthur Street,21
East Taieri,Mosgiel Central,75
Fernhill,Caversham,12
Roslyn (Dunedin City),Belleknowes,6
Halfway Bush,Wingatui,6
Kenmure,Roslyn (Dunedin City),21
North East Valley Knox,Normanby ,6
Concord,Caversham,9
Green Island,Caversham,6
Halfway Bush,Kaikorai-Bradford,42
Waverley ,Roslyn (Dunedin City),9
Taieri,Mosgiel Central,48
Wingatui,Kaikorai-Bradford,15
Ravensbourne-St Leonards,Dunedin Central,201
Belleknowes,Roslyn (Dunedin City),24
North East Valley Knox,Green Island,9
Gardens (Dunedin City),Roslyn (Dunedin City),18
Dunedin Central,Fairfield (Dunedin City),9
Fernhill,Green Island,6
Fairfield (Dunedin City),Campus North,27
Helensburgh,Fairfield (Dunedin City),6
Wingatui,Dunedin Central,72
St Kilda North,Mornington,9
Corstorphine,Campus South,54
Normanby ,Arthur Street,6
Brockville,North East Valley Knox,6
Calton Hill,North East Valley Knox,6
East Taieri,Kaikorai-Bradford,45
Momona,Strath Taieri,12
Fairfield (Dunedin City),Kaikorai-Bradford,57
North East Valley Knox,Caversham,6
Fernhill,Campus North,24
Otago Peninsula,Dunedin Central,57
Calton Hill,Mornington,9
Corstorphine,Roslyn (Dunedin City),6
Fairfield (Dunedin City),Campus South,87
Bucklands Crossing,Kaikorai-Bradford,9
Wakari,Roslyn (Dunedin City),51
Kew (Dunedin City),Hillside-Portsmouth Drive,72
North East Valley Knox,Gardens (Dunedin City),27
Royal Terrace,Hillside-Portsmouth Drive,36
St Kilda North,Maori Hill,6
Halfway Bush,Gardens (Dunedin City),12
Caversham,Campus West,9
Waldronville,Fairfield (Dunedin City),12
Roseneath-Sawyers Bay,Mornington,6
Maryhill,Kaikorai-Bradford,33
Green Island,Harbourside,78
Wakari,Helensburgh,9
Green Island,Forbury,15
Brockville,Bathgate Park,6
Macandrew Bay-Company Bay,Green Island,9
Saddle Hill-Chain Hills,Fairfield (Dunedin City),12
Port Chalmers,Saddle Hill-Chain Hills,6
Campus South,Dunedin Central,141
Mornington,Harbourside,84
Halfway Bush,Hillside-Portsmouth Drive,90
Arthur Street,Dunedin Central,240
Mosgiel East,East Taieri,51
North East Valley Knox,Roslyn (Dunedin City),12
Mount Cargill,Harbourside,51
Bathgate Park,Kaikorai-Bradford,21
Dunedin Central,Hillside-Portsmouth Drive,39
Wingatui,Taieri,6
Campus South,Campus North,51
Mount Cargill,Gardens (Dunedin City),6
Tainui,Roslyn (Dunedin City),12
Caversham,Fairfield (Dunedin City),6
Momona,Caversham,6
Wakari,East Taieri,9
Calton Hill,Campus South,48
Waverley ,Maori Hill,24
Mosgiel East,Roslyn (Dunedin City),15
St Kilda South,Halfway Bush,9
North East Valley Chingford,Mosgiel Central,9
Kaikorai-Bradford,Mosgiel East,9
Corstorphine,Mosgiel Central,9
East Taieri,Campus North,21
Halfway Bush,Dunedin Central,183
Maori Hill,Hillside-Portsmouth Drive,39
Mornington,Hillside-Portsmouth Drive,123
Wakari,Mosgiel East,9
Green Island,East Taieri,12
North East Valley Knox,Port Chalmers,12
Opoho,Maori Hill,6
Campus North,Campus West,9
Waverley ,Gardens (Dunedin City),12
East Taieri,Clutha District,9
Brighton,Roslyn (Dunedin City),6
Gardens (Dunedin City),St Clair,15
Fairfield (Dunedin City),Mosgiel Central,30
Campus South,Harbourside,21
Waverley ,Bathgate Park,6
Gardens (Dunedin City),Dunedin Central,258
Glenleith,Campus West,6
Opoho,Hillside-Portsmouth Drive,24
Waverley ,Forbury,6
Fairfield (Dunedin City),Maori Hill,15
Corstorphine,Fairfield (Dunedin City),12
Green Island,Fairfield (Dunedin City),30
Forbury,Green Island,15
Bush Road,Roslyn (Dunedin City),9
Tainui,Arthur Street,12
Green Island,Mosgiel East,6
Shiel Hill,Dunedin Central,228
North East Valley Knox,Hillside-Portsmouth Drive,72
Saddle Hill-Chain Hills,Green Island,15
Pine Hill-Dalmore,Forbury,9
Concord,Gardens (Dunedin City),6
North East Valley Chingford,Bathgate Park,6
Waikouaiti,Hillside-Portsmouth Drive,12
Seddon Park,Bush Road,9
Green Island,Halfway Bush,6
Roslyn (Dunedin City),Port Chalmers,6
Kaikorai-Bradford,Roslyn (Dunedin City),15
Mount Cargill,Green Island,9
Waverley ,Hillside-Portsmouth Drive,108
Mornington,Musselburgh,9
Fairfield (Dunedin City),Arthur Street,9
Green Island,Abbotsford,6
Abbotsford,Saddle Hill-Chain Hills,6
Ravensbourne-St Leonards,Port Chalmers,21
Roslyn (Dunedin City),Wakari,24
Ravensbourne-St Leonards,North East Valley Knox,6
Halfway Bush,Roslyn (Dunedin City),21
Bucklands Crossing,Waikouaiti,21
Waldronville,Port Chalmers,6
Musselburgh,Harbourside,48
Pine Hill-Dalmore,Wakari,6
East Taieri,Green Island,12
Concord,East Taieri,9
Mornington,Campus South,114
Forbury,Hillside-Portsmouth Drive,72
Macandrew Bay-Company Bay,Dunedin Central,183
Bush Road,Taieri,9
Belleknowes,Maori Hill,21
Otago Peninsula,Harbourside,21
Bush Road,East Taieri,42
Mosgiel East,Wingatui,12
Mosgiel East,Clutha District,9
Roseneath-Sawyers Bay,Dunedin Central,132
St Kilda North,Campus North,24
Campus North,Campus South,42
Ravensbourne-St Leonards,Caversham,9
Andersons Bay,Musselburgh,15
Waldronville,Mosgiel Central,6
Concord,Halfway Bush,6
Concord,Kaikorai-Bradford,39
Seddon Park,Clutha District,6
Pine Hill-Dalmore,Roslyn (Dunedin City),9
Andersons Bay,Gardens (Dunedin City),9
Caversham,Fernhill,6
Roslyn (Dunedin City),Mosgiel Central,9
St Kilda North,Hillside-Portsmouth Drive,120
North East Valley Knox,Dunedin Central,246
Musselburgh,Campus North,24
Roseneath-Sawyers Bay,Fairfield (Dunedin City),6
Normanby ,Hillside-Portsmouth Drive,45
Belleknowes,Dunedin Central,264
Ravensbourne-St Leonards,Roslyn (Dunedin City),9
Caversham,Dunedin Central,180
Opoho,Halfway Bush,6
St Kilda North,Momona,6
Waldronville,Green Island,24
Fairfield (Dunedin City),Roslyn (Dunedin City),15
Bathgate Park,Campus North,15
Mornington,Momona,9
Opoho,North East Valley Knox,12
Broad Bay-Portobello,Gardens (Dunedin City),9
Green Island,Maori Hill,6
Wingatui,East Taieri,18
Belleknowes,Arthur Street,9
Fairfield (Dunedin City),Bathgate Park,9
St Clair,Maori Hill,18
Roslyn (Dunedin City),Royal Terrace,15
Calton Hill,Caversham,15
Concord,Green Island,21
St Kilda North,Caversham,12
Wakari,St Kilda South,6
Glenleith,Dunedin Central,129
Brockville,Campus South,63
Mornington,St Clair,9
Tainui,Otago Peninsula,9
Kew (Dunedin City),Kenmure,9
Maryhill,Wakari,12
Kew (Dunedin City),St Kilda South,6
Roslyn (Dunedin City),Campus West,9
Glenleith,Caversham,6
Green Island,Bathgate Park,6
Andersons Bay,Bathgate Park,9
Belleknowes,Port Chalmers,9
Corstorphine,Forbury,9
Campus West,Gardens (Dunedin City),6
Concord,Campus North,15
Halfway Bush,Mornington,6
Mosgiel East,Caversham,6
Brockville,Roslyn (Dunedin City),15
Abbotsford,Forbury,12
Bathgate Park,Caversham,18
Otago Peninsula,Kaikorai-Bradford,9
Wakari,St Kilda North,6
Brighton,East Taieri,9
Wakari,St Clair,12
North East Valley Knox,Royal Terrace,9
Waldronville,Campus North,21
Fairfield (Dunedin City),Saddle Hill-Chain Hills,9
Maryhill,Bathgate Park,6
Abbotsford,Maori Hill,15
Mornington,St Kilda South,9
Campus South,Mosgiel Central,6
Maryhill,Harbourside,69
Momona,Clutha District,12
Shiel Hill,Campus South,87
Forbury,Campus South,30
Momona,Mosgiel East,18
Bathgate Park,Harbourside,57
St Kilda South,Bathgate Park,12
St Kilda South,St Clair,12
Maryhill,St Kilda North,9
Ravensbourne-St Leonards,Wakari,6
Bucklands Crossing,Port Chalmers,12
Mornington,Roslyn (Dunedin City),24
Arthur Street,Fernhill,6
Port Chalmers,Campus West,6
Wakari,Port Chalmers,9
Campus South,Roslyn (Dunedin City),12
Mornington,Fernhill,9
Mount Cargill,Kaikorai-Bradford,15
Opoho,Harbourside,27
Roseneath-Sawyers Bay,Port Chalmers,69
Bush Road,Dunedin Central,156
Brockville,Gardens (Dunedin City),9
Glenleith,Campus South,72
Port Chalmers,Halfway Bush,9
St Kilda South,Harbourside,78
Roseneath-Sawyers Bay,Kaikorai-Bradford,6
Arthur Street,Halfway Bush,9
Maori Hill,Kaikorai-Bradford,15
Maori Hill,Halfway Bush,9
Campus South,Gardens (Dunedin City),21
Maori Hill,Harbourside,39
Andersons Bay,Campus South,105
Campus South,Campus West,6
Abbotsford,Fernhill,6
Pine Hill-Dalmore,North East Valley Knox,27
St Kilda South,Mosgiel East,6
Mornington,Dunedin Central,378
Maori Hill,Campus West,9
Pine Hill-Dalmore,Dunedin Central,234
Taieri,Halfway Bush,6
Fernhill,Mornington,6
St Clair,St Kilda South,9
Bathgate Park,Fairfield (Dunedin City),9
Normanby ,Maori Hill,6
Waldronville,Campus South,42
Belleknowes,Wakari,9
Pine Hill-Dalmore,Hillside-Portsmouth Drive,75
St Clair,Campus North,39
Wakari,Campus West,12
North East Valley Chingford,Normanby ,18
Momona,Green Island,12
Pine Hill-Dalmore,Maori Hill,9
Fairfield (Dunedin City),Kenmure,15
Maryhill,Kenmure,9
East Taieri,Kenmure,9
Waverley ,Harbourside,87
Wakari,Arthur Street,15
St Kilda South,Green Island,12
Maryhill,St Clair,6
St Kilda South,Wakari,6
Otago Peninsula,Broad Bay-Portobello,12
Waverley ,Dunedin Central,363
Taieri,Hillside-Portsmouth Drive,36
Roslyn (Dunedin City),Campus North,87
Bathgate Park,St Clair,6
Abbotsford,Kenmure,6
Abbotsford,Caversham,6
Taieri,East Taieri,21
Mosgiel East,Gardens (Dunedin City),6
Taieri,Kaikorai-Bradford,18
Dunedin Central,Campus North,45
Momona,Harbourside,51
Corstorphine,Maori Hill,9
Brockville,Harbourside,63
Roslyn (Dunedin City),Gardens (Dunedin City),12
Halfway Bush,Caversham,6
Kenmure,Maryhill,6
Momona,Campus North,12
Andersons Bay,Campus North,51
Saddle Hill-Chain Hills,Bathgate Park,6
Wakari,Mosgiel Central,9
Dunedin Central,St Clair,6
Kenmure,Harbourside,69
Seddon Park,Fairfield (Dunedin City),21
Tainui,Green Island,12
Mornington,Bathgate Park,6
Kew (Dunedin City),Harbourside,42
Halfway Bush,Campus South,60
Campus West,Campus North,33
Maryhill,Hillside-Portsmouth Drive,93
St Kilda North,Fernhill,9
Fairfield (Dunedin City),Clutha District,9
Wakari,Maori Hill,33
Wingatui,Fairfield (Dunedin City),6
Belleknowes,Hillside-Portsmouth Drive,57
Helensburgh,Harbourside,33
North East Valley Knox,Kaikorai-Bradford,15
Shiel Hill,Harbourside,45
North East Valley Chingford,Kaikorai-Bradford,6
Abbotsford,Seddon Park,6
Helensburgh,Halfway Bush,6
Wakari,Dunedin Central,483
East Taieri,Fairfield (Dunedin City),15
Helensburgh,Bathgate Park,9
Seddon Park,Dunedin Central,144
Gardens (Dunedin City),Hillside-Portsmouth Drive,57
Caversham,Gardens (Dunedin City),6
Waverley ,Campus South,120
Kenmure,Green Island,15
North East Valley Chingford,Campus West,6
St Kilda South,Fairfield (Dunedin City),6
Campus North,Harbourside,24
Brockville,Mornington,9
Andersons Bay,Kaikorai-Bradford,21
Momona,Seddon Park,18
Normanby ,Gardens (Dunedin City),9
Brighton,Forbury,6
Seddon Park,Harbourside,39
Kew (Dunedin City),Campus South,60
Maryhill,East Taieri,6
Maori Hill,Royal Terrace,9
Macandrew Bay-Company Bay,Caversham,6
Green Island,Mosgiel Central,24
Macandrew Bay-Company Bay,Hillside-Portsmouth Drive,57
Shiel Hill,Maori Hill,9
Bush Road,Mosgiel Central,102
St Kilda South,Dunedin Central,312
Wakari,North East Valley Knox,15
Wakari,Hillside-Portsmouth Drive,132
Wingatui,Mosgiel East,15
Roslyn (Dunedin City),Green Island,12
Abbotsford,Mosgiel East,12
Mosgiel Central,Mornington,6
Bush Road,Seddon Park,30
Mosgiel East,Taieri,15
East Taieri,Dunedin Central,213
Kenmure,Forbury,6
Ravensbourne-St Leonards,Harbourside,57
St Clair,Caversham,9
Green Island,Arthur Street,6
Mount Cargill,Caversham,6
Mosgiel East,Campus North,18
Shiel Hill,Andersons Bay,15
Bathgate Park,Dunedin Central,144
Maori Hill,Campus South,114
Mosgiel East,Campus South,57
Fairfield (Dunedin City),Mosgiel East,15
Abbotsford,Taieri,9
Kenmure,North East Valley Knox,9
Seddon Park,Caversham,6
Dunedin Central,Fernhill,6
Maryhill,Andersons Bay,9
Brighton,Dunedin Central,144
Momona,Kaikorai-Bradford,36
Kew (Dunedin City),Kaikorai-Bradford,27
Kaikorai-Bradford,Maori Hill,9
Momona,Hillside-Portsmouth Drive,51
Andersons Bay,Halfway Bush,6
Shiel Hill,Campus North,36
Kew (Dunedin City),St Clair,9
Abbotsford,Bathgate Park,12
Corstorphine,Kaikorai-Bradford,39
Kew (Dunedin City),Fairfield (Dunedin City),9
Bucklands Crossing,Waitaki District,27
St Kilda North,Halfway Bush,9
Bush Road,Waitaki District,9
St Clair,Wakari,6
St Clair,Andersons Bay,6
Abbotsford,Gardens (Dunedin City),6
Bush Road,Campus North,21
Fairfield (Dunedin City),East Taieri,12
Campus South,Hillside-Portsmouth Drive,30
Helensburgh,Roslyn (Dunedin City),12
Belleknowes,Gardens (Dunedin City),9
Kenmure,Seddon Park,6
Roslyn (Dunedin City),Halfway Bush,12
Maryhill,Mosgiel Central,12
Caversham,Port Chalmers,9
Glenleith,Hillside-Portsmouth Drive,30
Gardens (Dunedin City),Campus North,87
Bathgate Park,Roslyn (Dunedin City),9
North East Valley Chingford,Campus South,84
Taieri,Campus North,15
Wingatui,Harbourside,21
Bush Road,Hillside-Portsmouth Drive,75
Roslyn (Dunedin City),Kaikorai-Bradford,24
East Taieri,Taieri,6
Wakari,Green Island,15
North East Valley Knox,Campus South,102
Helensburgh,Gardens (Dunedin City),6
Caversham,Abbotsford,6
Pine Hill-Dalmore,Fairfield (Dunedin City),6
Waldronville,St Clair,6
Bush Road,Fairfield (Dunedin City),15
Port Chalmers,Roslyn (Dunedin City),6
Caversham,St Clair,9
Helensburgh,Maori Hill,15
Andersons Bay,Port Chalmers,9
Green Island,Taieri,6
Mosgiel East,Momona,12
Bush Road,Maori Hill,9
Bush Road,Mosgiel East,27
Normanby ,Dunedin Central,135
Brighton,Fairfield (Dunedin City),15
Fernhill,Dunedin Central,249
Musselburgh,Andersons Bay,6
Ravensbourne-St Leonards,Halfway Bush,6
Bathgate Park,Campus West,6
Kaikorai-Bradford,Hillside-Portsmouth Drive,48
North East Valley Knox,Maori Hill,6
Dunedin Central,Roslyn (Dunedin City),15
Ravensbourne-St Leonards,Kaikorai-Bradford,15
North East Valley Chingford,North East Valley Knox,24
Saddle Hill-Chain Hills,Kaikorai-Bradford,27
Normanby ,Campus South,48
Roslyn (Dunedin City),Fairfield (Dunedin City),6
Helensburgh,Caversham,6
Brockville,Halfway Bush,9
Abbotsford,Mornington,9
Mosgiel Central,Campus North,9
Mornington,Arthur Street,15
Musselburgh,Caversham,6
Waikouaiti,Harbourside,18
Maryhill,Maori Hill,18
Caversham,Forbury,6
Bucklands Crossing,Harbourside,27
Otago Peninsula,Campus South,21
Ravensbourne-St Leonards,Maori Hill,12
Normanby ,Halfway Bush,6
Kenmure,Dunedin Central,270
Kenmure,St Kilda South,6
Bathgate Park,St Kilda South,9
Caversham,Green Island,15
Seddon Park,East Taieri,36
Shiel Hill,Hillside-Portsmouth Drive,72
St Kilda North,Campus South,72
Green Island,Mornington,6
St Kilda South,Roslyn (Dunedin City),15
Fernhill,Harbourside,42
Helensburgh,Dunedin Central,144
Fairfield (Dunedin City),Forbury,9
Caversham,Roslyn (Dunedin City),9
Glenleith,Campus North,36
Momona,Campus South,36
Dunedin Central,Andersons Bay,6
Maryhill,North East Valley Knox,12
Wingatui,Mosgiel Central,51
Green Island,Port Chalmers,9
Concord,Hillside-Portsmouth Drive,102
Corstorphine,Green Island,15
Tainui,Andersons Bay,21
Halfway Bush,Kenmure,6
Mornington,Halfway Bush,9
Tainui,Royal Terrace,6
Belleknowes,Mornington,18
Helensburgh,Campus North,33
Seddon Park,Campus South,60
Abbotsford,Mosgiel Central,33
Maryhill,Mornington,12
Fairfield (Dunedin City),Andersons Bay,6
Roslyn (Dunedin City),Hillside-Portsmouth Drive,81
Brockville,Kaikorai-Bradford,39
Royal Terrace,Halfway Bush,6
Shiel Hill,Bathgate Park,9
Corstorphine,Mosgiel East,6
Calton Hill,Fairfield (Dunedin City),9
Ravensbourne-St Leonards,Gardens (Dunedin City),15
North East Valley Chingford,Campus North,48
Kew (Dunedin City),Maori Hill,12
Corstorphine,Hillside-Portsmouth Drive,87
Broad Bay-Portobello,Dunedin Central,117
Wakari,Fernhill,9
Arthur Street,Gardens (Dunedin City),15
Seddon Park,St Kilda South,6
Shiel Hill,Roslyn (Dunedin City),9
Broad Bay-Portobello,Otago Peninsula,9
Kew (Dunedin City),Dunedin Central,174
Campus West,Campus South,60
Kew (Dunedin City),Arthur Street,6
Green Island,Fernhill,6
Brockville,Fairfield (Dunedin City),12
Abbotsford,Momona,15
Calton Hill,Hillside-Portsmouth Drive,78
Taieri,Mosgiel East,15
Broad Bay-Portobello,Campus North,27
Wakari,Caversham,15
Normanby ,Fairfield (Dunedin City),6
Wingatui,Campus South,27
Calton Hill,Kaikorai-Bradford,36
Maryhill,Halfway Bush,9
Macandrew Bay-Company Bay,Harbourside,48
Mornington,Campus North,57
Fairfield (Dunedin City),Momona,15
Bucklands Crossing,Campus South,51
Brockville,Hillside-Portsmouth Drive,105
Mornington,Wakari,15
Strath Taieri,Hillside-Portsmouth Drive,6
Momona,Mosgiel Central,63
St Kilda South,Caversham,15
Concord,Campus South,33
St Clair,Kaikorai-Bradford,21
Abbotsford,North East Valley Knox,12
Abbotsford,East Taieri,27
Mornington,Port Chalmers,6
Kenmure,Mosgiel Central,12
Arthur Street,Mosgiel Central,6
Belleknowes,Kenmure,6
Waikouaiti,Bucklands Crossing,30
Tainui,Caversham,9
Halfway Bush,Port Chalmers,9
Halfway Bush,Arthur Street,12
Normanby ,North East Valley Chingford,6
St Kilda South,Maori Hill,6
Roseneath-Sawyers Bay,Maori Hill,12
Waverley ,Andersons Bay,15
Maryhill,Wingatui,9
Tainui,Campus North,42
Halfway Bush,Harbourside,60
Andersons Bay,Arthur Street,9
Shiel Hill,Tainui,9
Seddon Park,St Clair,6
Corstorphine,Caversham,15
Fernhill,Maori Hill,6
Forbury,Kaikorai-Bradford,6
Mosgiel East,Seddon Park,33
Caversham,Mosgiel Central,6
Wakari,Halfway Bush,36
Tainui,Bathgate Park,9
Dunedin Central,North East Valley Knox,12
Belleknowes,Campus North,60
Concord,Maori Hill,6
Fairfield (Dunedin City),Mornington,9
Waldronville,Kaikorai-Bradford,27
Port Chalmers,Mount Cargill,9
Mount Cargill,Hillside-Portsmouth Drive,45
Waldronville,Mornington,9
Belleknowes,Kaikorai-Bradford,27
Saddle Hill-Chain Hills,Hillside-Portsmouth Drive,39
Brockville,Kenmure,9
Waldronville,Harbourside,54
Waikouaiti,Dunedin Central,57
Glenleith,Harbourside,33
Macandrew Bay-Company Bay,Kaikorai-Bradford,9
Campus South,North East Valley Knox,6
St Clair,Gardens (Dunedin City),9
Bush Road,Campus South,48
St Kilda South,Normanby ,6
Campus North,North East Valley Knox,9
Maryhill,Caversham,9
Broad Bay-Portobello,Roslyn (Dunedin City),9
Abbotsford,St Kilda South,9
Corstorphine,Halfway Bush,6
Momona,Dunedin Central,129
Opoho,Campus North,51
Green Island,Kaikorai-Bradford,66
St Clair,Arthur Street,15
Saddle Hill-Chain Hills,Harbourside,33
East Taieri,Harbourside,63
Taieri,Fairfield (Dunedin City),6
Royal Terrace,Campus North,57
Opoho,Dunedin Central,147
St Kilda South,Andersons Bay,9
Wingatui,Campus North,12
Kaikorai-Bradford,Harbourside,27
Mount Cargill,Waitaki District,6
St Clair,Musselburgh,9
Gardens (Dunedin City),Kaikorai-Bradford,9
Arthur Street,Harbourside,33
Brighton,Campus North,21
Dunedin Central,Harbourside,51
Mosgiel Central,Dunedin Central,144
Wakari,Campus North,84
Campus North,Roslyn (Dunedin City),6
Musselburgh,Mosgiel Central,6
Wakari,Campus South,183
St Kilda South,Mosgiel Central,6
Forbury,Harbourside,33
Musselburgh,Gardens (Dunedin City),9
East Taieri,Momona,24
St Clair,Halfway Bush,15
Mosgiel Central,Kaikorai-Bradford,45
Port Chalmers,Dunedin Central,132
Musselburgh,Dunedin Central,192
Mosgiel East,Bush Road,6
Helensburgh,Wakari,9
Saddle Hill-Chain Hills,East Taieri,12
Bathgate Park,Forbury,6
Andersons Bay,Hillside-Portsmouth Drive,108
Campus West,Hillside-Portsmouth Drive,33
Maryhill,Green Island,21
Brockville,Mosgiel Central,9
Kaikorai-Bradford,Mornington,6
Mosgiel Central,Fairfield (Dunedin City),12
Wakari,Andersons Bay,9
St Clair,Hillside-Portsmouth Drive,93
Pine Hill-Dalmore,Waitaki District,6
Abbotsford,Andersons Bay,9
Kenmure,Campus North,27
Musselburgh,Arthur Street,9
Normanby ,Mornington,6
St Kilda South,Campus North,39
St Clair,Fernhill,6
Momona,Roslyn (Dunedin City),9
Caversham,Campus North,12
Bathgate Park,St Kilda North,6
Waverley ,Arthur Street,9
Wakari,Kenmure,12
North East Valley Knox,Campus North,84
Shiel Hill,Gardens (Dunedin City),9
Abbotsford,Wingatui,6
Kenmure,Maori Hill,9
Green Island,Gardens (Dunedin City),6
Dunedin Central,Port Chalmers,6
Kew (Dunedin City),Campus North,36
Pine Hill-Dalmore,Halfway Bush,9
Waverley ,Green Island,15
Corstorphine,Andersons Bay,9
Mosgiel Central,Harbourside,51
Maori Hill,Roslyn (Dunedin City),45
Kenmure,Mornington,9
Andersons Bay,Dunedin Central,327
Royal Terrace,Kaikorai-Bradford,12
Taieri,Seddon Park,12
Roseneath-Sawyers Bay,Gardens (Dunedin City),6
Brockville,Dunedin Central,210
Caversham,Campus South,51
Wakari,Forbury,9
Maryhill,Arthur Street,15
Brockville,Maori Hill,12
Waverley ,Musselburgh,12
Normanby ,Green Island,6
Bucklands Crossing,Roslyn (Dunedin City),6
Pine Hill-Dalmore,North East Valley Chingford,9
Waikouaiti,Waitaki District,48
Port Chalmers,Hillside-Portsmouth Drive,30
Pine Hill-Dalmore,Kaikorai-Bradford,30
St Kilda South,Kew (Dunedin City),9
Normanby ,Campus West,9
Pine Hill-Dalmore,Campus South,114
Mosgiel East,Mosgiel Central,69
Abbotsford,Campus South,72
Glenleith,North East Valley Knox,6
Kew (Dunedin City),Fernhill,6
Fairfield (Dunedin City),St Kilda North,6
Gardens (Dunedin City),Green Island,9
Macandrew Bay-Company Bay,Maori Hill,12
Abbotsford,Harbourside,102
Wakari,Mornington,12
Helensburgh,Hillside-Portsmouth Drive,42
Helensburgh,Taieri,6
Opoho,Roslyn (Dunedin City),6
Saddle Hill-Chain Hills,Dunedin Central,114
Bush Road,Green Island,21
Kew (Dunedin City),Forbury,6
Royal Terrace,Mosgiel Central,6
Roseneath-Sawyers Bay,Hillside-Portsmouth Drive,54
Glenleith,Maori Hill,9
Roslyn (Dunedin City),Mornington,15
Strath Taieri,Waitaki District,6
Waverley ,Kaikorai-Bradford,27
Mosgiel Central,Momona,27
Concord,Arthur Street,6
Maryhill,Fairfield (Dunedin City),9
Maryhill,Roslyn (Dunedin City),12
Mosgiel Central,Taieri,18
Arthur Street,Campus North,39
Mornington,Maori Hill,12
Andersons Bay,Maori Hill,15
Forbury,Dunedin Central,123
Waverley ,St Kilda North,9
Waverley ,Campus North,63
Maryhill,Dunedin Central,255
Green Island,Campus South,63
Ravensbourne-St Leonards,Fairfield (Dunedin City),6
Tainui,St Kilda South,9
Roseneath-Sawyers Bay,Campus North,30
Campus South,Kaikorai-Bradford,9
Roseneath-Sawyers Bay,Fernhill,9
Corstorphine,Campus North,24
Mornington,Mosgiel Central,15
Opoho,Gardens (Dunedin City),12
Mornington,Kenmure,9
St Kilda North,St Kilda South,15
St Clair,Campus South,105
Port Chalmers,Kaikorai-Bradford,12
Waverley ,St Clair,9
Calton Hill,Green Island,9
Green Island,Campus North,30
Opoho,Campus South,75
Halfway Bush,Green Island,6
Mosgiel East,Royal Terrace,6
Bucklands Crossing,Mount Cargill,24
Bathgate Park,Hillside-Portsmouth Drive,153
Abbotsford,Hillside-Portsmouth Drive,180
North East Valley Chingford,Roslyn (Dunedin City),9
Caversham,St Kilda North,9
Opoho,Kaikorai-Bradford,9
Royal Terrace,Dunedin Central,207
Waldronville,Hillside-Portsmouth Drive,72
Port Chalmers,Roseneath-Sawyers Bay,12
Campus West,Maori Hill,6
Andersons Bay,Forbury,12
Fairfield (Dunedin City),Gardens (Dunedin City),9
Green Island,Hillside-Portsmouth Drive,138
Taieri,Maori Hill,6
Normanby ,Campus North,42
Ravensbourne-St Leonards,Hillside-Portsmouth Drive,72
Roseneath-Sawyers Bay,Campus South,57
St Kilda North,Forbury,9
Seddon Park,Mosgiel Central,108
Caversham,Kaikorai-Bradford,24
Waverley ,Fernhill,6
Tainui,Saddle Hill-Chain Hills,6
St Kilda South,Arthur Street,6
Maori Hill,Port Chalmers,9
Tainui,Maori Hill,9
Hillside-Portsmouth Drive,Dunedin Central,9
St Clair,Mornington,9
Pine Hill-Dalmore,Harbourside,51
Seddon Park,Momona,24
Wakari,Gardens (Dunedin City),21
Calton Hill,Bathgate Park,6
Bush Road,Kaikorai-Bradford,33
Glenleith,Kaikorai-Bradford,12
Seddon Park,Mosgiel East,39
Waverley ,Caversham,15
St Kilda North,Fairfield (Dunedin City),12
Arthur Street,Caversham,9
Concord,Dunedin Central,153
Calton Hill,Dunedin Central,144
Abbotsford,Campus North,33
Brighton,Hillside-Portsmouth Drive,66
Concord,Harbourside,57
Arthur Street,Green Island,9
Bucklands Crossing,Green Island,9
Shiel Hill,Mosgiel Central,6
Bathgate Park,Green Island,9
East Taieri,Wingatui,12
Kew (Dunedin City),Halfway Bush,9
Campus West,Harbourside,24
Wingatui,Hillside-Portsmouth Drive,33
Royal Terrace,Campus South,96
Mornington,Green Island,9
Wakari,Kaikorai-Bradford,66
Abbotsford,Dunedin Central,282
Mount Cargill,Seddon Park,6
Royal Terrace,Maori Hill,6
Mosgiel East,Kaikorai-Bradford,51
Otago Peninsula,Campus North,18
North East Valley Chingford,Royal Terrace,9
Roseneath-Sawyers Bay,Harbourside,42
Saddle Hill-Chain Hills,Campus South,30
Gardens (Dunedin City),Maori Hill,9
Mosgiel Central,Mosgiel East,33
Brighton,Kaikorai-Bradford,24
St Kilda North,Gardens (Dunedin City),9
Mornington,St Kilda North,6
Green Island,Momona,9
Mornington,Forbury,6
Shiel Hill,Fairfield (Dunedin City),6
Dunedin Central,Gardens (Dunedin City),9
Andersons Bay,Tainui,6
North East Valley Knox,Wakari,6
St Kilda South,Hillside-Portsmouth Drive,180
Bucklands Crossing,Hillside-Portsmouth Drive,21
Normanby ,Mount Cargill,6
Bucklands Crossing,Campus North,27
North East Valley Knox,Arthur Street,9
Mosgiel Central,East Taieri,45
Green Island,St Clair,6
Ravensbourne-St Leonards,Campus West,6
Bathgate Park,Campus South,45
Mount Cargill,Campus North,54
Andersons Bay,Roslyn (Dunedin City),9
St Kilda South,Gardens (Dunedin City),12
Kenmure,Kaikorai-Bradford,36
Arthur Street,Kaikorai-Bradford,9
Glenleith,Roslyn (Dunedin City),6
Momona,Fairfield (Dunedin City),12
North East Valley Chingford,Gardens (Dunedin City),15
Halfway Bush,Wakari,15
Forbury,Campus North,12
Kew (Dunedin City),Royal Terrace,6
Musselburgh,Green Island,9
Musselburgh,Maori Hill,9
Dunedin Central,Campus South,126
North East Valley Chingford,Hillside-Portsmouth Drive,51
Taieri,Harbourside,36
St Kilda South,Campus South,84
Andersons Bay,St Kilda South,15
Concord,Mornington,6
Abbotsford,Port Chalmers,12
St Clair,Green Island,9
Pine Hill-Dalmore,Port Chalmers,12
Kenmure,Halfway Bush,9
Kaikorai-Bradford,Dunedin Central,111
Gardens (Dunedin City),Campus South,90
Royal Terrace,Gardens (Dunedin City),15
Strath Taieri,Dunedin Central,9
Kew (Dunedin City),Green Island,9
Campus North,Dunedin Central,99
Fairfield (Dunedin City),Campus West,9
Opoho,Forbury,6
Tainui,Hillside-Portsmouth Drive,93
Mosgiel East,Fairfield (Dunedin City),21
Wakari,Seddon Park,6
Shiel Hill,Kaikorai-Bradford,27
Mosgiel Central,Campus South,33
Port Chalmers,Harbourside,45
Abbotsford,Halfway Bush,9
Mosgiel Central,Caversham,6
Kaikorai-Bradford,Kenmure,6
Waldronville,Gardens (Dunedin City),6
Green Island,Wakari,9
Fairfield (Dunedin City),Seddon Park,6
Mosgiel East,Maori Hill,6
East Taieri,Campus South,75
Broad Bay-Portobello,Harbourside,33
St Kilda South,Kaikorai-Bradford,33
Mosgiel East,Hillside-Portsmouth Drive,72
St Kilda North,Dunedin Central,210
Roslyn (Dunedin City),Campus South,168
St Kilda North,Green Island,9
Mosgiel Central,Hillside-Portsmouth Drive,102
Mosgiel East,Green Island,18
Normanby ,Kaikorai-Bradford,9
Arthur Street,Campus South,87
Ravensbourne-St Leonards,Campus South,105
Fairfield (Dunedin City),Taieri,9
Kenmure,Gardens (Dunedin City),6
Waldronville,Wakari,6
Port Chalmers,Arthur Street,9
Saddle Hill-Chain Hills,Campus North,27
St Clair,Forbury,12
Campus North,Hillside-Portsmouth Drive,12
Belleknowes,Green Island,18
Brighton,Mosgiel Central,15
Roslyn (Dunedin City),Maori Hill,36
Momona,Maori Hill,9
Dunedin Central,Kaikorai-Bradford,12
Abbotsford,Kew (Dunedin City),6
Maori Hill,Forbury,6
East Taieri,St Kilda South,6
St Kilda North,Kaikorai-Bradford,27
Brockville,Green Island,12
Corstorphine,Dunedin Central,162
Mosgiel Central,Green Island,21
Bathgate Park,Wakari,9
Halfway Bush,North East Valley Knox,9
Fairfield (Dunedin City),Caversham,12
Musselburgh,Campus South,48
Mount Cargill,North East Valley Knox,12
Concord,Roslyn (Dunedin City),6
Belleknowes,St Kilda North,6
Caversham,Kenmure,6
Opoho,Campus West,6
St Clair,Harbourside,63
Forbury,Caversham,18
St Kilda North,Musselburgh,6
Caversham,Arthur Street,6
Maryhill,Royal Terrace,9
Fernhill,Kaikorai-Bradford,18
Clutha District,Campus South,18
Clutha District,Dunedin Central,78
Clutha District,East Taieri,6
Clutha District,Fairfield (Dunedin City),15
Clutha District,Harbourside,9
Clutha District,Hillside-Portsmouth Drive,27
Clutha District,Kaikorai-Bradford,12
Clutha District,Momona,12
Clutha District,Mosgiel Central,15
Waitaki District,Bucklands Crossing,6
Waitaki District,Dunedin Central,12
Waitaki District,Waikouaiti,18
